contributor_id,name
1,Iorgo Leversha
2,Alysa Blindmann
3,Gonzalo Pennicott
4,Talyah Ewington
5,Fidole Maskell
6,Ame Herion
7,Honoria Peerless
8,Shaine Hawler
9,Natal Siverns
10,Corney Galliver
11,Kylie Vanichkin
12,Ruby Cuniam
13,Immanuel Wondraschek
14,Sydney Ebi
15,Susi Inett
16,Tessa Liptrod
17,Annora Fausch
18,Joseph Peasee
19,Flem Castelli
20,Korrie Faithorn
21,Orelle Fordham
22,Michelina Rodrigues
23,Lindy Watton
24,Rodrique Pannett
25,Jamima Errowe
26,Violette Beernt
27,Garvey Huncoot
28,Phelia Mears
29,Marve Pether
30,Indira Allmann
31,Zorah Record
32,Ronica Hicks
33,Wallis Huckstepp
34,Garland Gascone
35,Brit Chrichton
36,Shea D'Alesco
37,Lexi Langeley
38,Arin Strevens
39,Rhody Fowles
40,Jasen Salerg
41,Bria Calrow
42,Cordie Shenton
43,Anthia Flament
44,Sada Simounet
45,Rafa Quye
46,Melisenda Huot
47,Avrom Hammett
48,Raviv Porkiss
49,Normie Baroche
50,Linea Heinicke
51,Ebba Chatres
52,Kristy Yon
53,Morissa Forrestill
54,Nichols Nesbeth
55,Jed Instone
56,Gil Beincken
57,Cross Woodworth
58,Trever Biermatowicz
59,Tamarra Del Checolo
60,Joellyn Turney
61,Lorena Cammell
62,Brandy Meyrick
63,Shellie Kestell
64,Brana McKinney
65,Cathi Virgo
66,Dallis Groves
67,Pedro Richardson
68,Orson Brewer
69,Margette Mavin
70,Dell Linzey
71,Xenia Mellers
72,Sophi Klima
73,Dorthy Posvner
74,Freeman Ferrarin
75,Ignace Maxfield
76,Jorry Bim
77,Brynna Buzza
78,Ayn Gibbs
79,Robby Ostrich
80,Hobart Medmore
81,Lanae Remington
82,Tallie Lisciardelli
83,Kiel MacElroy
84,Vladamir Ivakhno
85,Gwendolin Rabbatts
86,Berty Bayliss
87,Doy Povele
88,Dennie Etherton
89,Ariela Parres
90,Elka Pleasaunce
91,Claudio Alejandro
92,Curcio Bukowski
93,Ingra Stonard
94,Celeste Spraggs
95,Karole Begley
96,Abigale Isakovitch
97,Prescott Hook
98,Ainslie Lavender
99,Ursulina Ondra
100,Tiff Howatt
