1,2023-03-01,dnarracott0,kgnmPAfKTdZ,Delinda,Narracott,2022-05-01
2,2022-11-27,lcrewdson1,nMIvRQPQ,Lorain,Crewdson,2023-03-02
3,2023-01-20,lhabbershon2,UfMP0EpY5UO,Leonard,Habbershon,2022-05-28
4,2022-03-21,hhiggonet3,zYU04gH,Henka,Higgonet,2023-02-02
5,2022-07-23,pgilderoy4,38EIE2jZ0i,Pauly,Gilderoy,2022-09-15
6,2022-09-04,apahler5,nqRCs3N3n,Aldo,Pahler,2022-08-22
7,2022-10-19,vdomonkos6,YD63Cyn3h,Virge,Domonkos,2022-03-27
8,2023-01-25,khaquard7,g4BsttXvQ,Ken,Haquard,2023-03-05
9,2022-08-13,ekeene8,m3rAe1rFgCmt,Erena,Keene,2022-11-30
10,2022-10-25,astart9,t1QoYgkuWl,Alexander,Start,2022-03-19
11,2022-07-18,aoattesa,nydxFgtvI,Alleyn,Oattes,2022-11-07
12,2022-07-15,nmarienb,wrNj3Bl,Nita,Marien,2022-09-16
13,2022-07-18,psawyerc,aJUQdFdgX6,Peta,Sawyer,2022-05-10
14,2022-10-02,madamkiewiczd,Zd0Sa8CNx,Marcie,Adamkiewicz,2022-03-16
15,2022-12-12,rfigiovannie,rS0R4Wtf,Remington,Figiovanni,2022-04-18
16,2022-06-22,bohannenf,jejsTjM2E8,Bibi,O'Hannen,2022-05-17
17,2022-09-06,rviegasg,VfNYdHsmRgPw,Roberta,Viegas,2023-01-09
18,2022-06-23,emoorheadh,DSbIxyGNHUl,Ellery,Moorhead,2022-07-07
19,2023-03-01,elambdeni,Bg1ErxrxLoR,Edward,Lambden,2023-02-01
20,2023-02-13,rpothburyj,OXXhf79Oy,Rosemary,Pothbury,2022-08-31
21,2022-10-12,ldeesonk,X466xh8oWWa,Lonny,Deeson,2022-03-31
22,2022-12-10,avaggesl,5gHpy6Vwc,Allison,Vagges,2023-02-24
23,2022-06-11,cmoresbym,oFKwi0GMvF4I,Carmon,Moresby,2022-05-18
24,2022-11-19,jcarlinon,Rx3RoSTN4,Jacinta,Carlino,2022-09-30
25,2022-04-05,vmithano,4dhFGbTM9mQA,Vina,Mithan,2023-02-14
26,2022-03-12,mlothlorienp,qJvtaeR01gwu,Magdalena,Lothlorien,2022-07-21
27,2022-05-16,amcguffq,TwYxW0UFi,Ansley,McGuff,2022-09-10
28,2022-07-18,lpoveleyer,Q8TcEkEsbUEt,Luciana,Poveleye,2022-06-02
29,2022-10-28,apickavances,7VBT6TTXg3s,Arielle,Pickavance,2022-10-08
30,2023-01-02,twhithornt,A7qf7IwGAbx,Thorny,Whithorn,2023-02-13
31,2022-03-19,jsibbsonu,Nv4MfaLsd2u,Jacinta,Sibbson,2022-03-22
32,2022-08-18,gmattsv,JM11ys1,Griffith,Matts,2023-02-12
33,2022-08-02,bdammarellw,JgndYidYT,Bab,Dammarell,2022-04-19
34,2022-12-04,agravesx,mfQ35RLMndgO,Ardella,Graves,2023-02-22
35,2022-11-09,weyamy,Bjd2GxlI,Wolfie,Eyam,2022-09-06
36,2022-10-13,hkennerknechtz,X7ToGpSg,Harlan,Kennerknecht,2022-10-12
37,2022-03-10,wpurshouse10,bSXZbMibsD8x,Wyndham,Purshouse,2022-10-26
38,2022-06-12,rgrieveson11,b867T8aB,Roze,Grieveson,2023-01-31
39,2022-11-06,kmuzzillo12,gT8CyMQ,Karoly,Muzzillo,2022-03-23
40,2022-05-26,lhatto13,saYED5YJ0bEv,Lennie,Hatto,2022-10-19
41,2022-12-14,elatimer14,ZVkjQti,Emery,Latimer,2022-08-09
42,2022-08-15,kcheasman15,44ihEi25,Kizzie,Cheasman,2022-11-23
43,2022-11-07,lbaulch16,WYYgqmdmop,Lowe,Baulch,2022-05-08
44,2023-03-01,teyrl17,3pMvXfc5zjY,Tatum,Eyrl,2022-03-15
45,2022-08-18,ieustace18,Cbk6NFD,Ilysa,Eustace,2022-07-28
46,2022-03-18,dofen19,j44z7b0biyC,Drusy,Ofen,2022-06-03
47,2022-04-17,jagnew1a,Bt3Wt3g2Pzz,Joelynn,Agnew,2022-09-10
48,2022-12-11,gcotes1b,jOz3ikLS,Gaby,Cotes,2023-03-05
49,2022-07-29,chudson1c,ZNFtveyvUfcA,Clarinda,Hudson,2023-03-07
50,2023-03-01,jtrahearn1d,fE7kjv6r,Jana,Trahearn,2022-11-21
51,2023-01-19,rloftie1e,VwxoSCS,Randee,Loftie,2022-10-18
52,2022-08-06,tgerbl1f,PKVflgMWxg1m,Theobald,Gerbl,2022-09-03
53,2022-04-27,qbrookwell1g,Q2mANiJ,Quincy,Brookwell,2022-03-17
54,2022-09-24,ogarwill1h,7VcROZz,Orbadiah,Garwill,2022-07-19
55,2022-12-31,fmccallum1i,InIl3G,Forster,McCallum,2022-03-22
56,2022-04-23,mhanrahan1j,ZraMPVp9prZ,Melisa,Hanrahan,2022-04-17
57,2022-06-26,lbracegirdle1k,JC01JzCK,Lexine,Bracegirdle,2023-02-13
58,2022-05-29,aclubbe1l,68rBeHsS4,Alis,Clubbe,2022-07-28
59,2022-08-08,vhambling1m,hI3kRPJ2Cun,Valry,Hambling,2022-06-29
60,2022-04-25,acourse1n,cZTGCXuz,Avril,Course,2022-08-06
61,2022-05-17,bausten1o,9mSgZaCG8,Bennie,Austen,2022-05-21
62,2022-12-10,ihousaman1p,7ZbNZ5,Ingmar,Housaman,2022-06-16
63,2022-11-20,kmanis1q,I3YwC5l3J4Z,Kimberley,Manis,2022-12-01
64,2022-04-20,mcockshtt1r,HghbkHxUm70j,Moritz,Cockshtt,2023-01-28
65,2023-02-11,mmckernon1s,timxRWnq,Milzie,McKernon,2022-11-27
66,2022-08-15,mcossor1t,m8slhJxLEe,Mahalia,Cossor,2022-12-04
67,2022-10-22,hveque1u,qjWXe9sunD3,Hortensia,Veque,2022-06-13
68,2022-04-14,ulangfitt1v,du93iWw,Udall,Langfitt,2022-08-17
69,2022-08-22,bspellacey1w,5wbsChn,Bette-ann,Spellacey,2022-11-05
70,2023-03-07,vcompson1x,akiW4H,Vincenz,Compson,2022-08-30
71,2023-02-22,hclute1y,952FsKH2xC,Herc,Clute,2022-04-17
72,2022-07-19,ddowrey1z,a1aK4GRb,Debbi,Dowrey,2022-05-23
73,2022-07-11,sbarthelme20,q6TVrR,Siusan,Barthelme,2022-10-03
74,2022-12-15,swhitten21,cq94jtWg,Salvidor,Whitten,2022-10-19
75,2022-09-21,grapper22,3hAMfLkeWvET,Glynis,Rapper,2022-12-03
76,2022-07-10,aesley23,Cv3ClliWp,Ame,Esley,2022-07-23
77,2022-05-01,cocorren24,360uWHrABk,Ciro,O'Corren,2022-03-21
78,2022-11-29,abarnard25,kktmswao,Aaren,Barnard,2022-09-27
79,2022-07-10,blinnock26,BfPdpFeh9,Blake,Linnock,2023-02-10
80,2022-10-20,ceitter27,Rpy2zHc,Charmane,Eitter,2022-05-16
81,2022-08-23,acadigan28,jGtvswH,Aliza,Cadigan,2023-01-26
82,2022-08-30,olamblin29,C9DekWG5MYX,Obie,Lamblin,2023-01-09
83,2022-07-13,ppude2a,JZpyWUVSVg,Phylis,Pude,2022-11-01
84,2022-11-03,lcockshtt2b,ReYZtu3D3PoP,Latrena,Cockshtt,2022-08-14
85,2022-10-06,bvanne2c,km38CkG0,Benoit,Vanne,2022-12-28
86,2022-10-17,tbocock2d,HPUa7hlU,Terrye,Bocock,2022-12-28
87,2022-12-26,rfalkinder2e,6e3NwQhGrJ,Ramonda,Falkinder,2022-08-07
88,2022-09-25,rbuntain2f,Bi70zn6uRj,Richmond,Buntain,2022-07-10
89,2023-01-02,mpendrey2g,fT127PQdbnFi,Merle,Pendrey,2022-07-04
90,2022-08-20,gbruckenthal2h,yteoHVQPSJi,Grace,Bruckenthal,2022-12-13
91,2022-10-29,nbeadon2i,q4jHX41,Nicky,Beadon,2022-06-29
92,2022-03-25,pfeltham2j,BzuQNFdQRbl,Patricia,Feltham,2022-09-13
93,2022-12-05,ccamellini2k,qivPEjAo,Chicky,Camellini,2022-07-22
94,2022-03-10,semberson2l,Co1Vph4,Serge,Emberson,2022-10-20
95,2022-09-11,nanderl2m,BigxDXbq,Niels,Anderl,2022-06-23
96,2022-05-27,mcarrington2n,OJShgbYuYMI,Maryl,Carrington,2022-05-07
97,2022-03-19,umarcombe2o,Cfthx1rsJX,Ula,Marcombe,2022-08-29
98,2022-07-20,ibinns2p,85eD21h,Ivie,Binns,2022-04-05
99,2022-09-07,jsaville2q,YTZh18Lo,Jori,Saville,2022-05-23
100,2022-11-28,zmariault2r,0qo2vcdL,Zarla,Mariault,2022-08-20
